b,e,d,a,alignment,families
1,1,2,3,0.912870929,fib_seed;dr_d_2;parity_11;composite_edge
1,2,3,5,0.905821627,fib_seed;dr_d_3;parity_10;prime_edge;grant_lrt
1,3,4,7,0.898146239,dr_d_4;parity_11;prime_edge
1,4,5,9,0.892607398,dr_d_5;parity_10;composite_edge
1,5,6,11,0.888604235,dr_d_6;parity_11;prime_edge
1,6,7,13,0.885614886,dr_d_7;parity_10;composite_edge
1,7,8,15,0.883309679,dr_d_8;parity_11;prime_edge
1,8,9,17,0.881482555,dr_d_9;parity_10;composite_edge
1,9,10,19,0.880000837,dr_d_1;parity_11;composite_edge
1,10,11,21,0.878776058,dr_d_2;parity_10;composite_edge
1,11,12,23,0.877747260,dr_d_3;parity_11;prime_edge
1,12,13,1,0.996023841,dr_d_4;parity_10;composite_edge
1,13,14,3,0.985900604,dr_d_5;parity_11;prime_edge
1,14,15,5,0.969905090,dr_d_6;parity_10;composite_edge
1,15,16,7,0.951260438,dr_d_7;parity_11;composite_edge
1,16,17,9,0.931891116,dr_d_8;parity_10;composite_edge
1,17,18,11,0.912870929,dr_d_9;parity_11;prime_edge
1,18,19,13,0.894754042,dr_d_1;parity_10;composite_edge
1,19,20,15,0.877790816,dr_d_2;parity_11;prime_edge
1,20,21,17,0.862060124,dr_d_3;parity_10;composite_edge
1,21,22,19,0.847547768,dr_d_4;parity_11;composite_edge
1,22,23,21,0.834191997,dr_d_5;parity_10;composite_edge
1,23,24,23,0.821909465,dr_d_6;parity_11;prime_edge
1,24,1,1,0.734658874,dr_d_1;parity_10;composite_edge
2,1,3,4,0.903696114,lucas_seed;dr_d_3;parity_01;prime_edge
2,2,4,6,0.912870929,dr_d_4;parity_00;prime_edge
2,3,5,8,0.910182055,fib_seed;dr_d_5;parity_01;prime_edge
2,4,6,10,0.905821627,dr_d_6;parity_00;prime_edge
2,5,7,12,0.901700096,dr_d_7;parity_01;prime_edge
2,6,8,14,0.898146239,dr_d_8;parity_00;prime_edge
2,7,9,16,0.895143593,dr_d_9;parity_01;prime_edge
2,8,10,18,0.892607398,dr_d_1;parity_00;prime_edge
2,9,11,20,0.890451734,dr_d_2;parity_01;prime_edge
2,10,12,22,0.888604235,dr_d_3;parity_00;prime_edge
2,11,13,24,0.887007108,dr_d_4;parity_01;prime_edge
2,12,14,2,0.985527457,dr_d_5;parity_00;prime_edge
2,13,15,4,0.973067266,dr_d_6;parity_01;prime_edge
2,14,16,6,0.956365070,dr_d_7;parity_00;prime_edge
2,15,17,8,0.937936611,dr_d_8;parity_01;prime_edge
2,16,18,10,0.919254720,dr_d_9;parity_00;prime_edge
2,17,19,12,0.901127114,dr_d_1;parity_01;prime_edge
2,18,20,14,0.883960000,dr_d_2;parity_00;prime_edge
2,19,21,16,0.867926073,dr_d_3;parity_01;prime_edge
2,20,22,18,0.853066687,dr_d_4;parity_00;prime_edge
2,21,23,20,0.839352353,dr_d_5;parity_01;prime_edge
2,22,24,22,0.826717928,dr_d_6;parity_00;prime_edge
2,23,1,24,0.997519446,dr_d_1;parity_01;prime_edge
2,24,2,2,0.758175397,dr_d_2;parity_00;prime_edge
3,1,4,5,0.891132789,dr_d_4;parity_11;prime_edge
3,2,5,7,0.909717652,dr_d_5;parity_10;prime_edge
3,3,6,9,0.912870929,dr_d_6;parity_11;prime_edge
3,4,7,11,0.911465430,lucas_seed;dr_d_7;parity_10;prime_edge
3,5,8,13,0.908758877,fib_seed;dr_d_8;parity_11;prime_edge;satellite
3,6,9,15,0.905821627,dr_d_9;parity_10;prime_edge
3,7,10,17,0.903015084,dr_d_1;parity_11;prime_edge
3,8,11,19,0.900450338,dr_d_2;parity_10;prime_edge
3,9,12,21,0.898146239,dr_d_3;parity_11;prime_edge
3,10,13,23,0.896088153,dr_d_4;parity_10;prime_edge
3,11,14,1,0.977577359,dr_d_5;parity_11;prime_edge
3,12,15,3,0.970494959,dr_d_6;parity_10;prime_edge
3,13,16,5,0.957142625,dr_d_7;parity_11;prime_edge
3,14,17,7,0.940690550,dr_d_8;parity_10;prime_edge
3,15,18,9,0.923099494,dr_d_9;parity_11;prime_edge
3,16,19,11,0.905508947,dr_d_1;parity_10;prime_edge
3,17,20,13,0.888540397,dr_d_2;parity_11;prime_edge
3,18,21,15,0.872502872,dr_d_3;parity_10;prime_edge
3,19,22,17,0.857522934,dr_d_4;parity_11;prime_edge
3,20,23,19,0.843623914,dr_d_5;parity_10;prime_edge
3,21,24,21,0.830773163,dr_d_6;parity_11;prime_edge
3,22,1,23,0.994854799,dr_d_1;parity_10;prime_edge
3,23,2,1,0.788966268,dr_d_2;parity_11;prime_edge
3,24,3,3,0.777481583,dr_d_3;parity_10;prime_edge
4,1,5,6,0.880704846,dr_d_5;parity_01;composite_edge
4,2,6,8,0.903696114,dr_d_6;parity_00;prime_edge
4,3,7,10,0.911295655,dr_d_7;parity_01;prime_edge
4,4,8,12,0.912870929,dr_d_8;parity_00;composite_edge
4,5,9,14,0.912009324,dr_d_9;parity_01;prime_edge
4,6,10,16,0.910182055,dr_d_1;parity_00;composite_edge
4,7,11,18,0.908025222,lucas_seed;dr_d_2;parity_01;prime_edge
4,8,12,20,0.905821627,dr_d_3;parity_00;composite_edge
4,9,13,22,0.903696114,dr_d_4;parity_01;composite_edge
4,10,14,24,0.901700096,dr_d_5;parity_00;composite_edge
4,11,15,2,0.960987652,dr_d_6;parity_01;prime_edge
4,12,16,4,0.952579344,dr_d_7;parity_00;composite_edge
4,13,17,6,0.939336437,dr_d_8;parity_01;prime_edge
4,14,18,8,0.923760431,dr_d_9;parity_00;composite_edge
4,15,19,10,0.907392872,dr_d_1;parity_01;composite_edge
4,16,20,12,0.891132789,dr_d_2;parity_00;composite_edge
4,17,21,14,0.875473787,dr_d_3;parity_01;prime_edge
4,18,22,16,0.860662966,dr_d_4;parity_00;composite_edge
4,19,23,18,0.846801730,dr_d_5;parity_01;prime_edge
4,20,24,20,0.833907848,dr_d_6;parity_00;composite_edge
4,21,1,22,0.990667707,dr_d_1;parity_01;composite_edge
4,22,2,24,0.989762411,dr_d_2;parity_00;composite_edge
4,23,3,2,0.808223859,dr_d_3;parity_01;prime_edge
4,24,4,4,0.792593924,dr_d_4;parity_00;composite_edge
5,1,6,7,0.872502872,dr_d_6;parity_11;prime_edge
5,2,7,9,0.897235447,dr_d_7;parity_10;prime_edge
5,3,8,11,0.907855117,dr_d_8;parity_11;prime_edge
5,4,9,13,0.911929340,dr_d_9;parity_10;prime_edge
5,5,10,15,0.912870929,dr_d_1;parity_11;prime_edge
5,6,11,17,0.912289297,dr_d_2;parity_10;prime_edge
5,7,12,19,0.910977004,dr_d_3;parity_11;prime_edge
5,8,13,21,0.909337982,fib_seed;dr_d_4;parity_10;prime_edge
5,9,14,23,0.907582711,dr_d_5;parity_11;prime_edge
5,10,15,1,0.943564195,dr_d_6;parity_10;prime_edge
5,11,16,3,0.941733144,dr_d_7;parity_11;prime_edge
5,12,17,5,0.933059706,dr_d_8;parity_10;prime_edge
5,13,18,7,0.920566500,dr_d_9;parity_11;prime_edge
5,14,19,9,0.906237810,dr_d_1;parity_10;prime_edge
5,15,20,11,0.891304004,dr_d_2;parity_11;prime_edge
5,16,21,13,0.876491834,dr_d_3;parity_10;prime_edge
5,17,22,15,0.862207492,dr_d_4;parity_11;prime_edge
5,18,23,17,0.848659410,dr_d_5;parity_10;prime_edge
5,19,24,19,0.835936976,dr_d_6;parity_11;prime_edge
5,20,1,21,0.984598818,dr_d_1;parity_10;prime_edge
5,21,2,23,0.984362214,dr_d_2;parity_11;prime_edge
5,22,3,1,0.838040655,dr_d_3;parity_10;prime_edge
5,23,4,3,0.822817939,lucas_seed;dr_d_4;parity_11;prime_edge
5,24,5,5,0.803697293,dr_d_5;parity_10;prime_edge
6,1,7,8,0.866025404,dr_d_7;parity_01;composite_edge
6,2,8,10,0.891132789,dr_d_8;parity_00;prime_edge
6,3,9,12,0.903696114,dr_d_9;parity_01;prime_edge
6,4,10,14,0.909717652,dr_d_1;parity_00;composite_edge
6,5,11,16,0.912245461,dr_d_2;parity_01;prime_edge
6,6,12,18,0.912870929,dr_d_3;parity_00;composite_edge
6,7,13,20,0.912452085,dr_d_4;parity_01;prime_edge
6,8,14,22,0.911465430,dr_d_5;parity_00;composite_edge
6,9,15,24,0.910182055,dr_d_6;parity_01;composite_edge
6,10,16,2,0.923869771,dr_d_7;parity_00;composite_edge
6,11,17,4,0.921132373,dr_d_8;parity_01;prime_edge
6,12,18,6,0.912870929,dr_d_9;parity_00;composite_edge
6,13,19,8,0.901497872,dr_d_1;parity_01;prime_edge
6,14,20,10,0.888604235,dr_d_2;parity_00;composite_edge
6,15,21,12,0.875189949,dr_d_3;parity_01;composite_edge
6,16,22,14,0.861857502,dr_d_4;parity_00;composite_edge
6,17,23,16,0.848952720,dr_d_5;parity_01;prime_edge
6,18,24,18,0.836660027,dr_d_6;parity_00;composite_edge
6,19,1,20,0.976221040,dr_d_1;parity_01;prime_edge
6,20,2,22,0.977008421,dr_d_2;parity_00;composite_edge
6,21,3,24,0.976416832,dr_d_3;parity_01;composite_edge
6,22,4,2,0.852012867,dr_d_4;parity_00;composite_edge
6,23,5,4,0.833003235,dr_d_5;parity_01;prime_edge
6,24,6,6,0.811107106,dr_d_6;parity_00;composite_edge
7,1,8,9,0.860828462,dr_d_8;parity_11;prime_edge
7,2,9,11,0.885614886,dr_d_9;parity_10;prime_edge
7,3,10,13,0.899371170,dr_d_1;parity_11;prime_edge
7,4,11,15,0.906854138,dr_d_2;parity_10;prime_edge
7,5,12,17,0.910707725,dr_d_3;parity_11;prime_edge
7,6,13,19,0.912425518,dr_d_4;parity_10;prime_edge
7,7,14,21,0.912870929,dr_d_5;parity_11;prime_edge
7,8,15,23,0.912555002,dr_d_6;parity_10;prime_edge
7,9,16,1,0.898606443,dr_d_7;parity_11;prime_edge
7,10,17,3,0.903015084,dr_d_8;parity_10;prime_edge
7,11,18,5,0.900117740,lucas_seed;dr_d_9;parity_11;prime_edge
7,12,19,7,0.892664040,dr_d_1;parity_10;prime_edge
7,13,20,9,0.882592747,dr_d_2;parity_11;prime_edge
7,14,21,11,0.871196815,dr_d_3;parity_10;prime_edge
7,15,22,13,0.859304051,dr_d_4;parity_11;prime_edge
7,16,23,15,0.847425697,dr_d_5;parity_10;prime_edge
7,17,24,17,0.835864817,fib_seed;dr_d_6;parity_11;prime_edge
7,18,1,19,0.965034982,dr_d_1;parity_10;prime_edge
7,19,2,21,0.967301667,dr_d_2;parity_11;prime_edge
7,20,3,23,0.967820644,dr_d_3;parity_10;prime_edge
7,21,4,1,0.879304010,dr_d_4;parity_11;prime_edge
7,22,5,3,0.861175113,dr_d_5;parity_10;prime_edge
7,23,6,5,0.839181358,dr_d_6;parity_11;prime_edge
7,24,7,7,0.815225109,dr_d_7;parity_10;prime_edge
8,1,9,10,0.856586153,dr_d_9;parity_01;composite_edge
8,2,10,12,0.880704846,dr_d_1;parity_00;prime_edge
8,3,11,14,0.895143593,dr_d_2;parity_01;prime_edge
8,4,12,16,0.903696114,dr_d_3;parity_00;composite_edge
8,5,13,18,0.908626092,dr_d_4;parity_01;prime_edge
8,6,14,20,0.911295655,dr_d_5;parity_00;composite_edge
8,7,15,22,0.912537704,dr_d_6;parity_01;prime_edge
8,8,16,24,0.912870929,dr_d_7;parity_00;composite_edge
8,9,17,2,0.878458592,dr_d_8;parity_01;composite_edge
8,10,18,4,0.881917104,dr_d_9;parity_00;composite_edge
8,11,19,6,0.879315573,dr_d_1;parity_01;prime_edge
8,12,20,8,0.872871561,dr_d_2;parity_00;composite_edge
8,13,21,10,0.864158565,fib_seed;dr_d_3;parity_01;prime_edge
8,14,22,12,0.854242196,dr_d_4;parity_00;composite_edge
8,15,23,14,0.843819624,dr_d_5;parity_01;composite_edge
8,16,24,16,0.833333333,dr_d_6;parity_00;composite_edge
8,17,1,18,0.950469532,dr_d_1;parity_01;prime_edge
8,18,2,20,0.954785924,dr_d_2;parity_00;composite_edge
8,19,3,22,0.956858057,dr_d_3;parity_01;prime_edge
8,20,4,24,0.957427108,dr_d_4;parity_00;composite_edge
8,21,5,2,0.887385589,dr_d_5;parity_01;composite_edge
8,22,6,4,0.866025404,dr_d_6;parity_00;composite_edge
8,23,7,6,0.841844442,dr_d_7;parity_01;prime_edge
8,24,8,8,0.816496581,dr_d_8;parity_00;composite_edge
9,1,10,11,0.853066687,dr_d_1;parity_11;composite_edge
9,2,11,13,0.876356092,dr_d_2;parity_10;prime_edge
9,3,12,15,0.891132789,dr_d_3;parity_11;prime_edge
9,4,13,17,0.900450338,dr_d_4;parity_10;composite_edge
9,5,14,19,0.906237810,dr_d_5;parity_11;prime_edge
9,6,15,21,0.909717652,dr_d_6;parity_10;composite_edge
9,7,16,23,0.911672935,dr_d_7;parity_11;prime_edge
9,8,17,1,0.881482555,dr_d_8;parity_10;composite_edge
9,9,18,3,0.858116330,dr_d_9;parity_11;composite_edge
9,10,19,5,0.861175113,dr_d_1;parity_10;composite_edge
9,11,20,7,0.859124693,dr_d_2;parity_11;prime_edge
9,12,21,9,0.853765578,dr_d_3;parity_10;composite_edge
9,13,22,11,0.846388958,dr_d_4;parity_11;prime_edge
9,14,23,13,0.837885005,dr_d_5;parity_10;composite_edge
9,15,24,15,0.828849727,dr_d_6;parity_11;composite_edge
9,16,1,17,0.931891116,dr_d_1;parity_10;composite_edge
9,17,2,19,0.938952956,dr_d_2;parity_11;prime_edge
9,18,3,21,0.943119125,dr_d_3;parity_10;composite_edge
9,19,4,23,0.945313187,dr_d_4;parity_11;prime_edge
9,20,5,1,0.910707725,dr_d_5;parity_10;composite_edge
9,21,6,3,0.890870806,dr_d_6;parity_11;composite_edge
9,22,7,5,0.867154070,dr_d_7;parity_10;composite_edge
9,23,8,7,0.841522693,dr_d_8;parity_11;prime_edge
9,24,9,9,0.815374248,dr_d_9;parity_10;composite_edge
10,1,11,12,0.850104462,dr_d_2;parity_01;composite_edge
10,2,12,14,0.872502872,dr_d_3;parity_00;prime_edge
10,3,13,16,0.887385589,dr_d_4;parity_01;prime_edge
10,4,14,18,0.897235447,dr_d_5;parity_00;composite_edge
10,5,15,20,0.903696114,dr_d_6;parity_01;prime_edge
10,6,16,22,0.907855117,dr_d_7;parity_00;composite_edge
10,7,17,24,0.910436963,fib_seed;dr_d_8;parity_01;prime_edge
10,8,18,2,0.892607398,dr_d_9;parity_00;composite_edge
10,9,19,4,0.868092293,dr_d_1;parity_01;composite_edge
10,10,20,6,0.841158231,dr_d_2;parity_00;composite_edge
10,11,21,8,0.839782210,dr_d_3;parity_01;prime_edge
10,12,22,10,0.835504418,dr_d_4;parity_00;composite_edge
10,13,23,12,0.829396220,dr_d_5;parity_01;prime_edge
10,14,24,14,0.822210413,dr_d_6;parity_00;composite_edge
10,15,1,16,0.908626092,dr_d_1;parity_01;composite_edge
10,16,2,18,0.919254720,dr_d_2;parity_00;composite_edge
10,17,3,20,0.926158422,dr_d_3;parity_01;prime_edge
10,18,4,22,0.930484210,dr_d_4;parity_00;composite_edge
10,19,5,24,0.933020529,dr_d_5;parity_01;prime_edge
10,20,6,2,0.912870929,dr_d_6;parity_00;composite_edge
10,21,7,4,0.890451734,dr_d_7;parity_01;composite_edge
10,22,8,6,0.865180913,dr_d_8;parity_00;composite_edge
10,23,9,8,0.838742137,dr_d_9;parity_01;prime_edge
10,24,10,10,0.812291420,dr_d_1;parity_00;composite_edge
11,1,12,13,0.847579380,dr_d_3;parity_11;prime_edge
11,2,13,15,0.869079197,dr_d_4;parity_10;prime_edge
11,3,14,17,0.883912220,dr_d_5;parity_11;prime_edge
11,4,15,19,0.894117861,dr_d_6;parity_10;prime_edge
11,5,16,21,0.901099895,dr_d_7;parity_11;prime_edge
11,6,17,23,0.905821627,dr_d_8;parity_10;prime_edge
11,7,18,1,0.921680503,dr_d_9;parity_11;prime_edge
11,8,19,3,0.900450338,dr_d_1;parity_10;prime_edge
11,9,20,5,0.875412867,dr_d_2;parity_11;prime_edge
11,10,21,7,0.848594436,dr_d_3;parity_10;prime_edge
11,11,22,9,0.821414140,dr_d_4;parity_11;prime_edge
11,12,23,11,0.818168019,dr_d_5;parity_10;prime_edge
11,13,24,13,0.813235917,dr_d_6;parity_11;prime_edge
11,14,1,15,0.880000837,dr_d_1;parity_10;prime_edge
11,15,2,17,0.895126782,dr_d_2;parity_11;prime_edge
11,16,3,19,0.905508947,dr_d_3;parity_10;prime_edge
11,17,4,21,0.912555002,dr_d_4;parity_11;prime_edge
11,18,5,23,0.917246609,lucas_seed;dr_d_5;parity_10;prime_edge
11,19,6,1,0.931156283,dr_d_6;parity_11;prime_edge
11,20,7,3,0.910977004,dr_d_7;parity_10;prime_edge
11,21,8,5,0.886838393,dr_d_8;parity_11;prime_edge
11,22,9,7,0.860706876,dr_d_9;parity_10;prime_edge
11,23,10,9,0.833994924,dr_d_1;parity_11;prime_edge
11,24,11,11,0.807644519,dr_d_2;parity_10;prime_edge
12,1,13,14,0.845402793,dr_d_4;parity_01;composite_edge
12,2,14,16,0.866025404,dr_d_5;parity_00;prime_edge
12,3,15,18,0.880704846,dr_d_6;parity_01;prime_edge
12,4,16,20,0.891132789,dr_d_7;parity_00;composite_edge
12,5,17,22,0.898512571,dr_d_8;parity_01;prime_edge
12,6,18,24,0.903696114,dr_d_9;parity_00;composite_edge
12,7,19,2,0.927960727,dr_d_1;parity_01;prime_edge
12,8,20,4,0.905821627,dr_d_2;parity_00;composite_edge
12,9,21,6,0.880704846,dr_d_3;parity_01;composite_edge
12,10,22,8,0.854282143,dr_d_4;parity_00;composite_edge
12,11,23,10,0.827721597,dr_d_5;parity_01;prime_edge
12,12,24,12,0.801783726,dr_d_6;parity_00;composite_edge
12,13,1,14,0.845402793,dr_d_1;parity_01;prime_edge
12,14,2,16,0.866025404,dr_d_2;parity_00;composite_edge
12,15,3,18,0.880704846,dr_d_3;parity_01;composite_edge
12,16,4,20,0.891132789,dr_d_4;parity_00;composite_edge
12,17,5,22,0.898512571,dr_d_5;parity_01;prime_edge
12,18,6,24,0.903696114,dr_d_6;parity_00;composite_edge
12,19,7,2,0.927960727,dr_d_7;parity_01;prime_edge
12,20,8,4,0.905821627,dr_d_8;parity_00;composite_edge
12,21,9,6,0.880704846,dr_d_9;parity_01;composite_edge
12,22,10,8,0.854282143,dr_d_1;parity_00;composite_edge
12,23,11,10,0.827721597,dr_d_2;parity_01;prime_edge
12,24,12,12,0.801783726,dr_d_3;parity_00;composite_edge
13,1,14,15,0.843508104,dr_d_5;parity_11;prime_edge
13,2,15,17,0.863289805,dr_d_6;parity_10;prime_edge
13,3,16,19,0.877747260,dr_d_7;parity_11;prime_edge
13,4,17,21,0.888296706,dr_d_8;parity_10;prime_edge
13,5,18,23,0.895974229,dr_d_9;parity_11;prime_edge
13,6,19,1,0.950262193,dr_d_1;parity_10;prime_edge
13,7,20,3,0.931891116,dr_d_2;parity_11;prime_edge
13,8,21,5,0.909337982,dr_d_3;parity_10;prime_edge
13,9,22,7,0.884447718,dr_d_4;parity_11;prime_edge
13,10,23,9,0.858604312,dr_d_5;parity_10;prime_edge
13,11,24,11,0.832775903,dr_d_6;parity_11;prime_edge
13,12,1,13,0.836536288,dr_d_1;parity_10;prime_edge
13,13,2,15,0.831479419,dr_d_2;parity_11;prime_edge
13,14,3,17,0.851314306,dr_d_3;parity_10;prime_edge
13,15,4,19,0.865838175,dr_d_4;parity_11;prime_edge
13,16,5,21,0.876491834,dr_d_5;parity_10;prime_edge
13,17,6,23,0.884315377,dr_d_6;parity_11;prime_edge
13,18,7,1,0.940690550,dr_d_7;parity_10;prime_edge
13,19,8,3,0.921459654,dr_d_8;parity_11;prime_edge
13,20,9,5,0.898146239,dr_d_9;parity_10;prime_edge
13,21,10,7,0.872655904,fib_seed;dr_d_1;parity_11;prime_edge
13,22,11,9,0.846388958,dr_d_2;parity_10;prime_edge
13,23,12,11,0.820303112,dr_d_3;parity_11;prime_edge
13,24,13,13,0.795009829,dr_d_4;parity_10;prime_edge
14,1,15,16,0.841844442,dr_d_6;parity_01;composite_edge
14,2,16,18,0.860828462,dr_d_7;parity_00;prime_edge
14,3,17,20,0.875019974,dr_d_8;parity_01;prime_edge
14,4,18,22,0.885614886,dr_d_9;parity_00;composite_edge
14,5,19,24,0.893509508,dr_d_1;parity_01;prime_edge
14,6,20,2,0.953312662,dr_d_2;parity_00;composite_edge
14,7,21,4,0.934080897,dr_d_3;parity_01;prime_edge
14,8,22,6,0.911465430,dr_d_4;parity_00;composite_edge
14,9,23,8,0.887007108,dr_d_5;parity_01;composite_edge
14,10,24,10,0.861857502,dr_d_6;parity_00;composite_edge
14,11,1,12,0.855337203,dr_d_1;parity_01;prime_edge
14,12,2,14,0.852012867,dr_d_2;parity_00;composite_edge
14,13,3,16,0.845154255,dr_d_3;parity_01;prime_edge
14,14,4,18,0.836333398,dr_d_4;parity_00;composite_edge
14,15,5,20,0.850879117,dr_d_5;parity_01;composite_edge
14,16,6,22,0.861857502,dr_d_6;parity_00;composite_edge
14,17,7,24,0.870176538,dr_d_7;parity_01;prime_edge
14,18,8,2,0.933138950,dr_d_8;parity_00;composite_edge
14,19,9,4,0.912452085,dr_d_9;parity_01;prime_edge
14,20,10,6,0.888604235,dr_d_1;parity_00;composite_edge
14,21,11,8,0.863211341,dr_d_2;parity_01;composite_edge
14,22,12,10,0.837435789,dr_d_3;parity_00;composite_edge
14,23,13,12,0.812059870,dr_d_4;parity_01;prime_edge
14,24,14,14,0.787575339,dr_d_5;parity_00;composite_edge
15,1,16,17,0.840372347,dr_d_7;parity_11;composite_edge
15,2,17,19,0.858604312,dr_d_8;parity_10;prime_edge
15,3,18,21,0.872502872,dr_d_9;parity_11;prime_edge
15,4,19,23,0.883085980,dr_d_1;parity_10;composite_edge
15,5,20,1,0.969979492,dr_d_2;parity_11;prime_edge
15,6,21,3,0.954668741,dr_d_3;parity_10;composite_edge
15,7,22,5,0.934987587,dr_d_4;parity_11;prime_edge
15,8,23,7,0.912555002,dr_d_5;parity_10;composite_edge
15,9,24,9,0.888661705,dr_d_6;parity_11;composite_edge
15,10,1,11,0.869570081,dr_d_1;parity_10;composite_edge
15,11,2,13,0.869079197,dr_d_2;parity_11;prime_edge
15,12,3,15,0.863868426,dr_d_3;parity_10;composite_edge
15,13,4,17,0.855847512,dr_d_4;parity_11;prime_edge
15,14,5,19,0.846305478,dr_d_5;parity_10;composite_edge
15,15,6,21,0.836079617,dr_d_6;parity_11;composite_edge
15,16,7,23,0.847425697,dr_d_7;parity_10;composite_edge
15,17,8,1,0.940363359,dr_d_8;parity_11;prime_edge
15,18,9,3,0.923099494,dr_d_9;parity_10;composite_edge
15,19,10,5,0.901631589,dr_d_1;parity_11;prime_edge
15,20,11,7,0.877747260,dr_d_2;parity_10;composite_edge
15,21,12,9,0.852802865,dr_d_3;parity_11;composite_edge
15,22,13,11,0.827759135,dr_d_4;parity_10;composite_edge
15,23,14,13,0.803255218,dr_d_5;parity_11;prime_edge
15,24,15,15,0.779688187,dr_d_6;parity_10;composite_edge
16,1,17,18,0.839060778,dr_d_8;parity_01;composite_edge
16,2,18,20,0.856586153,dr_d_9;parity_00;prime_edge
16,3,19,22,0.870176538,dr_d_1;parity_01;prime_edge
16,4,20,24,0.880704846,dr_d_2;parity_00;composite_edge
16,5,21,2,0.970998180,dr_d_3;parity_01;prime_edge
16,6,22,4,0.954785924,dr_d_4;parity_00;composite_edge
16,7,23,6,0.934953438,dr_d_5;parity_01;prime_edge
16,8,24,8,0.912870929,dr_d_6;parity_00;composite_edge
16,9,1,10,0.878458592,dr_d_1;parity_01;composite_edge
16,10,2,12,0.881917104,dr_d_2;parity_00;composite_edge
16,11,3,14,0.879315573,dr_d_3;parity_01;prime_edge
16,12,4,16,0.872871561,dr_d_4;parity_00;composite_edge
16,13,5,18,0.864158565,dr_d_5;parity_01;prime_edge
16,14,6,20,0.854242196,dr_d_6;parity_00;composite_edge
16,15,7,22,0.843819624,dr_d_7;parity_01;composite_edge
16,16,8,24,0.833333333,dr_d_8;parity_00;composite_edge
16,17,9,2,0.929669680,dr_d_9;parity_01;prime_edge
16,18,10,4,0.911295655,dr_d_1;parity_00;composite_edge
16,19,11,6,0.889574994,dr_d_2;parity_01;prime_edge
16,20,12,8,0.866025404,dr_d_3;parity_00;composite_edge
16,21,13,10,0.841779147,dr_d_4;parity_01;composite_edge
16,22,14,12,0.817629818,dr_d_5;parity_00;composite_edge
16,23,15,14,0.794101388,dr_d_6;parity_01;prime_edge
16,24,16,16,0.771516750,dr_d_7;parity_00;composite_edge
17,1,18,19,0.837885005,dr_d_9;parity_11;prime_edge
17,2,19,21,0.854747686,dr_d_1;parity_10;prime_edge
17,3,20,23,0.868022887,dr_d_2;parity_11;prime_edge
17,4,21,1,0.983123999,dr_d_3;parity_10;prime_edge
17,5,22,3,0.970762166,dr_d_4;parity_11;prime_edge
17,6,23,5,0.954004792,dr_d_5;parity_10;prime_edge
17,7,24,7,0.934234100,dr_d_6;parity_11;prime_edge
17,8,1,9,0.881482555,dr_d_1;parity_10;prime_edge
17,9,2,11,0.889898417,dr_d_2;parity_11;prime_edge
17,10,3,13,0.890870806,dr_d_3;parity_10;prime_edge
17,11,4,15,0.886838393,dr_d_4;parity_11;prime_edge
17,12,5,17,0.879637262,dr_d_5;parity_10;prime_edge
17,13,6,19,0.870571500,dr_d_6;parity_11;prime_edge
17,14,7,21,0.860530546,dr_d_7;parity_10;prime_edge
17,15,8,23,0.850102284,dr_d_8;parity_11;prime_edge
17,16,9,1,0.931891116,dr_d_9;parity_10;prime_edge
17,17,10,3,0.917245417,dr_d_1;parity_11;prime_edge
17,18,11,5,0.898322254,dr_d_2;parity_10;prime_edge
17,19,12,7,0.876745843,dr_d_3;parity_11;prime_edge
17,20,13,9,0.853795635,dr_d_4;parity_10;prime_edge
17,21,14,11,0.830415139,dr_d_5;parity_11;prime_edge
17,22,15,13,0.807261390,dr_d_6;parity_10;prime_edge
17,23,16,15,0.784766432,dr_d_7;parity_11;prime_edge
17,24,17,17,0.763195311,dr_d_8;parity_10;prime_edge
18,1,19,20,0.836825097,dr_d_1;parity_01;composite_edge
18,2,20,22,0.853066687,dr_d_2;parity_00;prime_edge
18,3,21,24,0.866025404,dr_d_3;parity_01;prime_edge
18,4,22,2,0.982946374,dr_d_4;parity_00;composite_edge
18,5,23,4,0.969616728,lucas_seed;dr_d_5;parity_01;prime_edge
18,6,24,6,0.952579344,dr_d_6;parity_00;composite_edge
18,7,1,8,0.878458592,dr_d_1;parity_01;prime_edge
18,8,2,10,0.892607398,dr_d_2;parity_00;composite_edge
18,9,3,12,0.898026510,dr_d_3;parity_01;composite_edge
18,10,4,14,0.897235447,dr_d_4;parity_00;composite_edge
18,11,5,16,0.892268598,dr_d_5;parity_01;prime_edge
18,12,6,18,0.884651737,dr_d_6;parity_00;composite_edge
18,13,7,20,0.875473787,dr_d_7;parity_01;prime_edge
18,14,8,22,0.865484645,dr_d_8;parity_00;composite_edge
18,15,9,24,0.855186110,dr_d_9;parity_01;composite_edge
18,16,10,2,0.919254720,dr_d_1;parity_00;composite_edge
18,17,11,4,0.903696114,dr_d_2;parity_01;prime_edge
18,18,12,6,0.884651737,dr_d_3;parity_00;composite_edge
18,19,13,8,0.863506052,dr_d_4;parity_01;prime_edge
18,20,14,10,0.841334141,dr_d_5;parity_00;composite_edge
18,21,15,12,0.818923025,dr_d_6;parity_01;composite_edge
18,22,16,14,0.796819073,dr_d_7;parity_00;composite_edge
18,23,17,16,0.775381211,dr_d_8;parity_01;prime_edge
18,24,18,18,0.754829412,dr_d_9;parity_00;composite_edge
19,1,20,21,0.835864817,dr_d_2;parity_11;prime_edge
19,2,21,23,0.851524300,dr_d_3;parity_10;prime_edge
19,3,22,1,0.991484208,dr_d_4;parity_11;prime_edge
19,4,23,3,0.981801623,dr_d_5;parity_10;prime_edge
19,5,24,5,0.967820644,dr_d_6;parity_11;prime_edge
19,6,1,7,0.869570081,dr_d_1;parity_10;prime_edge
19,7,2,9,0.889898417,dr_d_2;parity_11;prime_edge
19,8,3,11,0.900450338,dr_d_3;parity_10;prime_edge
19,9,4,13,0.903651992,dr_d_4;parity_11;prime_edge
19,10,5,15,0.901631589,dr_d_5;parity_10;prime_edge
19,11,6,17,0.896088153,dr_d_6;parity_11;prime_edge
19,12,7,19,0.888296706,dr_d_7;parity_10;prime_edge
19,13,8,21,0.879173965,dr_d_8;parity_11;prime_edge
19,14,9,23,0.869358420,dr_d_9;parity_10;prime_edge
19,15,10,1,0.917245417,dr_d_1;parity_11;prime_edge
19,16,11,3,0.905508947,dr_d_2;parity_10;prime_edge
19,17,12,5,0.889499180,dr_d_3;parity_11;prime_edge
19,18,13,7,0.870648490,dr_d_4;parity_10;prime_edge
19,19,14,9,0.850131003,dr_d_5;parity_11;prime_edge
19,20,15,11,0.828849727,dr_d_6;parity_10;prime_edge
19,21,16,13,0.807463151,dr_d_7;parity_11;prime_edge
19,22,17,15,0.786428295,dr_d_8;parity_10;prime_edge
19,23,18,17,0.766045917,dr_d_9;parity_11;prime_edge
19,24,19,19,0.746500778,dr_d_1;parity_10;prime_edge
20,1,21,22,0.834990810,dr_d_3;parity_01;composite_edge
20,2,22,24,0.850104462,dr_d_4;parity_00;prime_edge
20,3,23,2,0.990667707,dr_d_5;parity_01;prime_edge
20,4,24,4,0.979957887,dr_d_6;parity_00;composite_edge
20,5,1,6,0.855337203,dr_d_1;parity_01;prime_edge
20,6,2,8,0.881917104,dr_d_2;parity_00;composite_edge
20,7,3,10,0.898026510,dr_d_3;parity_01;prime_edge
20,8,4,12,0.905821627,dr_d_4;parity_00;composite_edge
20,9,5,14,0.907392872,dr_d_5;parity_01;composite_edge
20,10,6,16,0.904534034,dr_d_6;parity_00;composite_edge
20,11,7,18,0.898669163,dr_d_7;parity_01;prime_edge
20,12,8,20,0.890870806,dr_d_8;parity_00;composite_edge
20,13,9,22,0.881917104,dr_d_9;parity_01;prime_edge
20,14,10,24,0.872356744,dr_d_1;parity_00;composite_edge
20,15,11,2,0.903696114,dr_d_2;parity_01;composite_edge
20,16,12,4,0.891132789,dr_d_3;parity_00;composite_edge
20,17,13,6,0.875019974,dr_d_4;parity_01;prime_edge
20,18,14,8,0.856586153,dr_d_5;parity_00;composite_edge
20,19,15,10,0.836825097,dr_d_6;parity_01;prime_edge
20,20,16,12,0.816496581,dr_d_7;parity_00;composite_edge
20,21,17,14,0.796154028,dr_d_8;parity_01;composite_edge
20,22,18,16,0.776182335,dr_d_9;parity_00;composite_edge
20,23,19,18,0.756835845,dr_d_1;parity_01;prime_edge
20,24,20,20,0.738271661,dr_d_2;parity_00;composite_edge
21,1,22,23,0.834191997,dr_d_4;parity_11;composite_edge
21,2,23,1,0.996403790,dr_d_5;parity_10;prime_edge
21,3,24,3,0.989070710,dr_d_6;parity_11;prime_edge
21,4,1,5,0.836536288,dr_d_1;parity_10;composite_edge
21,5,2,7,0.869079197,dr_d_2;parity_11;prime_edge
21,6,3,9,0.890870806,dr_d_3;parity_10;composite_edge
21,7,4,11,0.903651992,dr_d_4;parity_11;prime_edge
21,8,5,13,0.909337982,dr_d_5;parity_10;composite_edge
21,9,6,15,0.909717652,dr_d_6;parity_11;composite_edge
21,10,7,17,0.906304552,fib_seed;dr_d_7;parity_10;composite_edge
21,11,8,19,0.900298273,dr_d_8;parity_11;prime_edge
21,12,9,21,0.892607398,dr_d_9;parity_10;composite_edge
21,13,10,23,0.883897744,dr_d_1;parity_11;prime_edge
21,14,11,1,0.898322254,dr_d_2;parity_10;composite_edge
21,15,12,3,0.889499180,dr_d_3;parity_11;composite_edge
21,16,13,5,0.876491834,dr_d_4;parity_10;composite_edge
21,17,14,7,0.860530546,dr_d_5;parity_11;prime_edge
21,18,15,9,0.842664841,dr_d_6;parity_10;composite_edge
21,19,16,11,0.823736084,dr_d_7;parity_11;prime_edge
21,20,17,13,0.804385593,dr_d_8;parity_10;composite_edge
21,21,18,15,0.785081016,dr_d_9;parity_11;composite_edge
21,22,19,17,0.766148893,dr_d_1;parity_10;composite_edge
21,23,20,19,0.747806343,dr_d_2;parity_11;prime_edge
21,24,21,21,0.730188575,dr_d_3;parity_10;composite_edge
22,1,23,24,0.833459110,dr_d_5;parity_01;composite_edge
22,2,24,2,0.995307342,dr_d_6;parity_00;prime_edge
22,3,1,4,0.814091578,dr_d_1;parity_01;prime_edge
22,4,2,6,0.852012867,dr_d_2;parity_00;composite_edge
22,5,3,8,0.879315573,dr_d_3;parity_01;prime_edge
22,6,4,10,0.897235447,dr_d_4;parity_00;composite_edge
22,7,5,12,0.907392872,dr_d_5;parity_01;prime_edge
22,8,6,14,0.911465430,dr_d_6;parity_00;composite_edge
22,9,7,16,0.910980273,dr_d_7;parity_01;composite_edge
22,10,8,18,0.907218423,dr_d_8;parity_00;composite_edge
22,11,9,20,0.901196258,dr_d_9;parity_01;prime_edge
22,12,10,22,0.893688910,dr_d_1;parity_00;composite_edge
22,13,11,24,0.885270413,dr_d_2;parity_01;prime_edge
22,14,12,2,0.884651737,dr_d_3;parity_00;composite_edge
22,15,13,4,0.875019974,dr_d_4;parity_01;composite_edge
22,16,14,6,0.861857502,dr_d_5;parity_00;composite_edge
22,17,15,8,0.846227921,dr_d_6;parity_01;prime_edge
22,18,16,10,0.829026672,dr_d_7;parity_00;composite_edge
22,19,17,12,0.810967466,dr_d_8;parity_01;prime_edge
22,20,18,14,0.792593924,dr_d_9;parity_00;composite_edge
22,21,19,16,0.774303587,dr_d_1;parity_01;composite_edge
22,22,20,18,0.756375581,dr_d_2;parity_00;composite_edge
22,23,21,20,0.738996959,dr_d_3;parity_01;prime_edge
22,24,22,22,0.722285437,dr_d_4;parity_00;composite_edge
23,1,24,1,0.998870184,dr_d_6;parity_11;prime_edge
23,2,1,3,0.788966268,dr_d_1;parity_10;prime_edge
23,3,2,5,0.831479419,dr_d_2;parity_11;prime_edge
23,4,3,7,0.863868426,lucas_seed;dr_d_3;parity_10;prime_edge
23,5,4,9,0.886838393,dr_d_4;parity_11;prime_edge
23,6,5,11,0.901631589,dr_d_5;parity_10;prime_edge
23,7,6,13,0.909717652,dr_d_6;parity_11;prime_edge
23,8,7,15,0.912555002,dr_d_7;parity_10;prime_edge
23,9,8,17,0.911447903,dr_d_8;parity_11;prime_edge
23,10,9,19,0.907485213,dr_d_9;parity_10;prime_edge
23,11,10,21,0.901533352,dr_d_1;parity_11;prime_edge
23,12,11,23,0.894258160,dr_d_2;parity_10;prime_edge
23,13,12,1,0.876745843,dr_d_3;parity_11;prime_edge
23,14,13,3,0.870648490,dr_d_4;parity_10;prime_edge
23,15,14,5,0.860530546,dr_d_5;parity_11;prime_edge
23,16,15,7,0.847425697,dr_d_6;parity_10;prime_edge
23,17,16,9,0.832250379,dr_d_7;parity_11;prime_edge
23,18,17,11,0.815768974,dr_d_8;parity_10;prime_edge
23,19,18,13,0.798588777,dr_d_9;parity_11;prime_edge
23,20,19,15,0.781172851,dr_d_1;parity_10;prime_edge
23,21,20,17,0.763861261,dr_d_2;parity_11;prime_edge
23,22,21,19,0.746894397,dr_d_3;parity_10;prime_edge
23,23,22,21,0.730434835,dr_d_4;parity_11;prime_edge
23,24,23,23,0.714586160,dr_d_5;parity_10;prime_edge
24,1,1,2,0.762073496,dr_d_1;parity_01;composite_edge
24,2,2,4,0.808290377,dr_d_2;parity_00;prime_edge
24,3,3,6,0.845154255,dr_d_3;parity_01;prime_edge
24,4,4,8,0.872871561,dr_d_4;parity_00;composite_edge
24,5,5,10,0.892268598,dr_d_5;parity_01;prime_edge
24,6,6,12,0.904534034,dr_d_6;parity_00;composite_edge
24,7,7,14,0.910980273,dr_d_7;parity_01;prime_edge
24,8,8,16,0.912870929,dr_d_8;parity_00;composite_edge
24,9,9,18,0.911322377,dr_d_9;parity_01;composite_edge
24,10,10,20,0.907264709,dr_d_1;parity_00;composite_edge
24,11,11,22,0.901441072,dr_d_2;parity_01;prime_edge
24,12,12,24,0.894427191,dr_d_3;parity_00;composite_edge
24,13,13,2,0.863506052,dr_d_4;parity_01;prime_edge
24,14,14,4,0.856586153,dr_d_5;parity_00;composite_edge
24,15,15,6,0.846227921,dr_d_6;parity_01;composite_edge
24,16,16,8,0.833333333,dr_d_7;parity_00;composite_edge
24,17,17,10,0.818691140,dr_d_8;parity_01;prime_edge
24,18,18,12,0.802955069,dr_d_9;parity_00;composite_edge
24,19,19,14,0.786643863,dr_d_1;parity_01;prime_edge
24,20,20,16,0.770154046,dr_d_2;parity_00;composite_edge
24,21,21,18,0.753778361,dr_d_3;parity_01;composite_edge
24,22,22,20,0.737725344,dr_d_4;parity_00;composite_edge
24,23,23,22,0.722137474,dr_d_5;parity_01;prime_edge
24,24,24,24,0.707106781,dr_d_6;parity_00;composite_edge
